GEOID,county_idx,NAME
12115,0,Sarasota
12081,1,Manatee
12027,2,DeSoto
12015,3,Charlotte
12049,4,Hardee
12057,5,Hillsborough
12071,6,Lee
12103,7,Pinellas
12105,8,Polk
12055,9,Highlands
12043,10,Glades
12051,11,Hendry
12021,12,Collier
12101,13,Pasco
12093,14,Okeechobee
12097,15,Osceola
12119,16,Sumter
12069,17,Lake
12053,18,Hernando
12085,19,Martin
12099,20,Palm Beach
12095,21,Orange
12061,22,Indian River
12087,23,Monroe
12009,24,Brevard
12111,25,St. Lucie
12011,26,Broward
12017,27,Citrus
12117,28,Seminole
12086,29,Miami-Dade
12083,30,Marion
12075,31,Levy
12127,32,Volusia
12029,33,Dixie
12107,34,Putnam
12035,35,Flagler
12001,36,Alachua
12041,37,Gilchrist
12123,38,Taylor
12109,39,St. Johns
12007,40,Bradford
12019,41,Clay
12067,42,Lafayette
12023,43,Columbia
12121,44,Suwannee
12125,45,Union
12129,46,Wakulla
12065,47,Jefferson
12037,48,Franklin
12003,49,Baker
12031,50,Duval
12079,51,Madison
12089,52,Nassau
12047,53,Hamilton
12045,54,Gulf
13049,55,Charlton
12077,56,Liberty
12005,57,Bay
12073,58,Leon
13299,59,Ware
13065,60,Clinch
13101,61,Echols
13185,62,Lowndes
13027,63,Brooks
13275,64,Thomas
12039,65,Gadsden
13039,66,Camden
12013,67,Calhoun
13173,68,Lanier
13131,69,Grady
13087,70,Decatur
13025,71,Brantley
13019,72,Berrien
13075,73,Cook
13127,74,Glynn
13071,75,Colquitt
12063,76,Jackson
13253,77,Seminole
13003,78,Atkinson
13229,79,Pierce
13205,80,Mitchell
12133,81,Washington
12131,82,Walton
13007,83,Baker
13305,84,Wayne
13277,85,Tift
13191,86,McIntosh
13069,87,Coffee
13201,88,Miller
13321,89,Worth
13005,90,Bacon
01069,91,Houston
13001,92,Appling
13155,93,Irwin
13099,94,Early
12059,95,Holmes
13095,96,Dougherty
13183,97,Long
12091,98,Okaloosa
13287,99,Turner
13179,100,Liberty
13017,101,Ben Hill
13037,102,Calhoun
13161,103,Jeff Davis
01061,104,Geneva
13177,105,Lee
01067,106,Henry
13271,107,Telfair
13267,108,Tattnall
13273,109,Terrell
13029,110,Bryan
13051,111,Chatham
13061,112,Clay
13081,113,Crisp
13315,114,Wilcox
13243,115,Randolph
01045,116,Dale
12113,117,Santa Rosa
13091,118,Dodge
13279,119,Toombs
13309,120,Wheeler
13209,121,Montgomery
12033,122,Escambia
01031,123,Coffee
13261,124,Sumter
01039,125,Covington
13109,126,Evans
13093,127,Dooly
13235,128,Pulaski
13307,129,Webster
13239,130,Quitman
13175,131,Laurens
13103,132,Effingham
45053,133,Jasper
13031,134,Bulloch
01005,135,Barbour
13259,136,Stewart
45013,137,Beaufort
13043,138,Candler
13193,139,Macon
13023,140,Bleckley
13283,141,Treutlen
13107,142,Emanuel
13249,143,Schley
01109,144,Pike
01053,145,Escambia
13197,146,Marion
13153,147,Houston
01003,148,Baldwin
01041,149,Crenshaw
01113,150,Russell
01035,151,Conecuh
13289,152,Twiggs
13053,153,Chattahoochee
01011,154,Bullock
13225,155,Peach
13167,156,Johnson
13269,157,Taylor
13251,158,Screven
13319,159,Wilkinson
13165,160,Jenkins
01013,161,Butler
45049,162,Hampton
13079,163,Crawford
45029,164,Colleton
13215,165,Muscogee
13021,166,Bibb
01101,167,Montgomery
01087,168,Macon
01097,169,Mobile
13263,170,Talbot
13303,171,Washington
45019,172,Charleston
13163,173,Jefferson
45005,174,Allendale
13033,175,Burke
13293,176,Upson
01081,177,Lee
13145,178,Harris
13169,179,Jones
01085,180,Lowndes
13207,181,Monroe
13009,182,Baldwin
01099,183,Monroe
28059,184,Jackson
13171,185,Lamar
13199,186,Meriwether
22075,187,Plaquemines
13141,188,Hancock
01131,189,Wilcox
45035,190,Dorchester
01051,191,Elmore
01017,192,Chambers
01123,193,Tallapoosa
13125,194,Glascock
45009,195,Bamberg
45011,196,Barnwell
13231,197,Pike
13285,198,Troup
22087,199,St. Bernard
01025,200,Clarke
13237,201,Putnam
45015,202,Berkeley
13159,203,Jasper
45003,204,Aiken
13245,205,Richmond
13035,206,Butts
01129,207,Washington
01047,208,Dallas
13301,209,Warren
01001,210,Autauga
13255,211,Spalding
13189,212,McDuffie
45075,213,Orangeburg
28039,214,George
28047,215,Harrison
13073,216,Columbia
13133,217,Greene
13151,218,Henry
13077,219,Coweta
13113,220,Fayette
01037,221,Coosa
13217,222,Newton
13265,223,Taliaferro
13211,224,Morgan
01111,225,Randolph
28041,226,Greene
13149,227,Heard
13063,228,Clayton
45037,229,Edgefield
01021,230,Chilton
45065,231,McCormick
13317,232,Wilkes
01027,233,Clay
13247,234,Rockdale
01091,235,Marengo
45017,236,Calhoun
13181,237,Lincoln
13297,238,Walton
28131,239,Stone
45043,240,Georgetown
45027,241,Clarendon
01023,242,Choctaw
13221,243,Oglethorpe
13121,244,Fulton
01105,245,Perry
13045,246,Carroll
45089,247,Williamsburg
13089,248,DeKalb
13219,249,Oconee
45063,250,Lexington
28111,251,Perry
28045,252,Hancock
28153,253,Wayne
01121,254,Talladega
13097,255,Douglas
45085,256,Sumter
13135,257,Gwinnett
45081,258,Saluda
01029,259,Cleburne
13059,260,Clarke
01117,261,Shelby
01007,262,Bibb
22103,263,St. Tammany
45079,264,Richland
22051,265,Jefferson
01065,266,Hale
13067,267,Cobb
13013,268,Barrow
28035,269,Forrest
13105,270,Elbert
45047,271,Greenwood
28109,272,Pearl River
22071,273,Orleans
13143,274,Haralson
13223,275,Paulding
13157,276,Jackson
13195,277,Madison
45001,278,Abbeville
22057,279,Lafourche
01119,280,Sumter
01015,281,Calhoun
28023,282,Clarke
28067,283,Jones
01063,284,Greene
45071,285,Newberry
01115,286,St. Clair
13117,287,Forsyth
45051,288,Horry
13139,289,Hall
28073,290,Lamar
45041,291,Florence
13233,292,Polk
45061,293,Lee
45055,294,Kershaw
13147,295,Hart
45059,296,Laurens
13057,297,Cherokee
45007,298,Anderson
45067,299,Marion
13011,300,Banks
01125,301,Tuscaloosa
13119,302,Franklin
45039,303,Fairfield
13015,304,Bartow
01073,305,Jefferson
28075,306,Lauderdale
22109,307,Terrebonne
22089,308,St. Charles
28061,309,Jasper
01019,310,Cherokee
45031,311,Darlington
13115,312,Floyd
22117,313,Washington
28091,314,Marion
01055,315,Etowah
13085,316,Dawson
28031,317,Covington
22095,318,St. John the Baptist
22105,319,Tangipahoa
13137,320,Habersham
45073,321,Oconee
45087,322,Union
13257,323,Stephens
28069,324,Kemper
45045,325,Greenville
13187,326,Lumpkin
13227,327,Pickens
28147,328,Walthall
01009,329,Blount
13311,330,White
45057,331,Lancaster
28065,332,Jefferson Davis
28101,333,Newton
45025,334,Chesterfield
28129,335,Smith
13129,336,Gordon
37019,337,Brunswick
45083,338,Spartanburg
01107,339,Pickens
45077,340,Pickens
45023,341,Chester
01127,342,Walker
45033,343,Dillon
13055,344,Chattooga
37047,345,Columbus
45069,346,Marlboro
13123,347,Gilmer
01049,348,DeKalb
13111,349,Fannin
13291,350,Union
28103,351,Noxubee
13241,352,Rabun
22063,353,Livingston
01095,354,Marshall
22093,355,St. James
13213,356,Murray
01057,357,Fayette
01043,358,Cullman
28127,359,Simpson
28099,360,Neshoba
28077,361,Lawrence
37129,362,New Hanover
22005,363,Ascension
37155,364,Robeson
13281,365,Towns
13313,366,Whitfield
28123,367,Scott
13295,368,Walker
28113,369,Pike
45091,370,York
45021,371,Cherokee
37179,372,Union
22007,373,Assumption
22091,374,St. Helena
01133,375,Winston
01075,376,Lamar
28087,377,Lowndes
28159,378,Winston
01071,379,Jackson
13083,380,Dade
37007,381,Anson
28085,382,Lincoln
37113,383,Macon
37099,384,Jackson
28121,385,Rankin
37043,386,Clay
37165,387,Scotland
01103,388,Morgan
22101,389,St. Mary
37175,390,Transylvania
13047,391,Catoosa
37039,392,Cherokee
37017,393,Bladen
22099,394,St. Martin
28079,395,Leake
28005,396,Amite
37153,397,Richmond
22033,398,East Baton Rouge
47139,399,Polk
37119,400,Mecklenburg
28029,401,Copiah
01089,402,Madison
01093,403,Marion
37089,404,Henderson
28105,405,Oktibbeha
47011,406,Bradley
22047,407,Iberville
37141,408,Pender
22037,409,East Feliciana
37149,410,Polk
37161,411,Rutherford
37045,412,Cleveland
37071,413,Gaston
47065,414,Hamilton
01079,415,Lawrence
28025,416,Clay
37093,417,Hoke
22045,418,Iberia
37075,419,Graham
22121,420,West Baton Rouge
28095,421,Monroe
37087,422,Haywood
28037,423,Franklin
28007,424,Attala
47123,425,Monroe
37173,426,Swain
47115,427,Marion
37167,428,Stanly
01083,429,Limestone
37025,430,Cabarrus
37163,431,Sampson
28019,432,Choctaw
28049,433,Hinds
37123,434,Montgomery
28089,435,Madison
37051,436,Cumberland
47107,437,McMinn
37125,438,Moore
01059,439,Franklin
37021,440,Buncombe
47051,441,Franklin
37109,442,Lincoln
47153,443,Sequatchie
28157,444,Wilkinson
47121,445,Meigs
28063,446,Jefferson
37133,447,Onslow
47009,448,Blount
37111,449,McDowell
37061,450,Duplin
22125,451,West Feliciana
22077,452,Pointe Coupee
28057,453,Itawamba
47103,454,Lincoln
37097,455,Iredell
28155,456,Webster
37023,457,Burke
47155,458,Sevier
28017,459,Chickasaw
28021,460,Claiborne
37035,461,Catawba
47061,462,Grundy
37159,463,Rowan
47007,464,Bledsoe
47143,465,Rhea
01033,466,Colbert
28097,467,Montgomery
28163,468,Yazoo
37085,469,Harnett
28051,470,Holmes
37115,471,Madison
47127,472,Moore
01077,473,Lauderdale
47105,474,Loudon
37057,475,Davidson
37199,476,Yancey
28001,477,Adams
28081,478,Lee
37151,479,Randolph
47031,480,Coffee
47029,481,Cocke
37105,482,Lee
47055,483,Giles
28015,484,Carroll
22097,485,St. Landry
47145,486,Roane
28013,487,Calhoun
37027,488,Caldwell
28149,489,Warren
22113,490,Vermilion
28141,491,Tishomingo
37121,492,Mitchell
37003,493,Alexander
37031,494,Carteret
37037,495,Chatham
28115,496,Pontotoc
47175,497,Van Buren
47177,498,Warren
47093,499,Knox
22055,500,Lafayette
37059,501,Davie
47099,502,Lawrence
22029,503,Concordia
47003,504,Bedford
37101,505,Johnston
47089,506,Jefferson
28117,507,Prentiss
37011,508,Avery
47059,509,Greene
37103,510,Jones
28043,511,Grenada
37107,512,Lenoir
47117,513,Marshall
37191,514,Wayne
47035,515,Cumberland
47171,516,Unicoi
22107,517,Tensas
22065,518,Madison
47001,519,Anderson
28055,520,Issaquena
47185,521,White
22009,522,Avoyelles
28053,523,Humphreys
28125,524,Sharkey
37193,525,Wilkes
47181,526,Wayne
37049,527,Craven
47129,528,Morgan
37183,529,Wake
28161,530,Yalobusha
28145,531,Union
47015,532,Cannon
47063,533,Hamblen
47179,534,Washington
47019,535,Carter
22001,536,Acadia
47057,537,Grainger
28083,538,Leflore
37067,539,Forsyth
37189,540,Watauga
37081,541,Guilford
37197,542,Yadkin
47149,543,Rutherford
28071,544,Lafayette
37001,545,Alamance
47119,546,Maury
28003,547,Alcorn
47041,548,DeKalb
22025,549,Catahoula
47173,550,Union
47071,551,Hardin
28139,552,Tippah
47141,553,Putnam
22035,554,East Carroll
37079,555,Greene
47073,556,Hawkins
22041,557,Franklin
22039,558,Evangeline
37135,559,Orange
47013,560,Campbell
37009,561,Ashe
47091,562,Johnson
37137,563,Pamlico
47151,564,Scott
28133,565,Sunflower
28135,566,Tallahatchie
28151,567,Washington
37063,568,Durham
47101,569,Lewis
37171,570,Surry
22023,571,Cameron
47049,572,Fentress
37195,573,Wilson
47187,574,Williamson
47025,575,Claiborne
47133,576,Overton
37147,577,Pitt
22059,578,LaSalle
47109,579,McNairy
47189,580,Wilson
22079,581,Rapides
47163,582,Sullivan
37169,583,Stokes
47067,584,Hancock
28009,585,Benton
28093,586,Marshall
37005,587,Alleghany
28107,588,Panola
37127,589,Nash
22053,590,Jefferson Davis
37157,591,Rockingham
22083,592,Richland
47159,593,Smith
37069,594,Franklin
37013,595,Beaufort
47135,596,Perry
22123,597,West Carroll
47081,598,Hickman
47087,599,Jackson
47039,600,Decatur
22021,601,Caldwell
37033,602,Caswell
37065,603,Edgecombe
47037,604,Davidson
05017,605,Chicot
22003,606,Allen
37077,607,Granville
47069,608,Hardeman
22043,609,Grant
28119,610,Quitman
51169,611,Scott
51105,612,Lee
51191,613,Washington
51520,614,Bristol
51077,615,Grayson
28011,616,Bolivar
21013,617,Bell
47137,618,Pickett
37145,619,Person
21235,620,Whitley
51035,621,Carroll
51173,622,Smyth
51141,623,Patrick
47077,624,Henderson
21147,625,McCreary
28137,626,Tate
21095,627,Harlan
22019,628,Calcasieu
47027,629,Clay
47023,630,Chester
51640,631,Galax
22067,632,Morehouse
37095,633,Hyde
51167,634,Russell
28027,635,Coahoma
47169,636,Trousdale
21121,637,Knox
51089,638,Henry
37181,639,Vance
47043,640,Dickson
21231,641,Wayne
47021,642,Cheatham
47047,643,Fayette
47111,644,Macon
05003,645,Ashley
37117,646,Martin
47165,647,Sumner
51143,648,Pittsylvania
21053,649,Clinton
51195,650,Wise
51197,651,Wythe
22073,652,Ouachita
47085,653,Humphreys
22127,654,Winn
51063,655,Floyd
51590,656,Danville
22115,657,Vernon
21057,658,Cumberland
51690,659,Martinsville
28033,660,DeSoto
21171,661,Monroe
37185,662,Warren
05041,663,Desha
21131,664,Leslie
47005,665,Benton
51083,666,Halifax
51720,667,Norton
37083,668,Halifax
22011,669,Beauregard
37187,670,Washington
47113,671,Madison
28143,672,Tunica
51185,673,Tazewell
37055,674,Dare
21051,675,Clay
51051,676,Dickenson
22049,677,Jackson
21133,678,Letcher
37015,679,Bertie
51155,680,Pulaski
51067,681,Franklin
47147,682,Robertson
51021,683,Bland
21199,684,Pulaski
47017,685,Carroll
21193,686,Perry
05043,687,Drew
47157,688,Shelby
22069,689,Natchitoches
21125,690,Laurel
21003,691,Allen
51117,692,Mecklenburg
21207,693,Russell
51027,694,Buchanan
22111,695,Union
47075,696,Haywood
05107,697,Phillips
37177,698,Tyrrell
47083,699,Houston
51121,700,Montgomery
47125,701,Montgomery
21009,702,Barren
21169,703,Metcalfe
05001,704,Arkansas
37131,705,Northampton
21001,706,Adair
21213,707,Simpson
21119,708,Knott
47053,709,Gibson
51037,710,Charlotte
51750,711,Radford
21195,712,Pike
22061,713,Lincoln
05139,714,Union
05077,715,Lee
54047,716,McDowell
51025,717,Brunswick
51071,718,Giles
21203,719,Rockcastle
47033,720,Crockett
47167,721,Tipton
37091,722,Hertford
21141,723,Logan
37041,724,Chowan
47161,725,Stewart
05035,726,Crittenden
21227,727,Warren
47079,728,Henry
21045,729,Casey
51161,730,Roanoke
21189,731,Owsley
54055,732,Mercer
21071,733,Floyd
51019,734,Bedford
21109,735,Jackson
05095,736,Monroe
05079,737,Lincoln
05011,738,Bradley
51081,739,Greensville
21219,740,Todd
22013,741,Bienville
51031,742,Campbell
21025,743,Breathitt
05123,744,St. Francis
37143,745,Perquimans
22085,746,Sabine
21137,747,Lincoln
48361,748,Orange
21087,749,Green
48245,750,Jefferson
47097,751,Lauderdale
47183,752,Weakley
51111,753,Lunenburg
51770,754,Roanoke
21047,755,Christian
05069,756,Jefferson
21217,757,Taylor
48351,758,Newton
51775,759,Salem
51045,760,Craig
21061,761,Edmonson
54109,762,Wyoming
54063,763,Monroe
51175,764,Southampton
37073,765,Gates
21099,766,Hart
21153,767,Magoffin
51595,768,Emporia
54089,769,Summers
37139,770,Pasquotank
22081,771,Red River
51023,772,Botetourt
54059,773,Mingo
05093,774,Mississippi
21129,775,Lee
21221,776,Trigg
47045,777,Dyer
21035,778,Calloway
05025,779,Cleveland
21031,780,Butler
54081,781,Raleigh
21079,782,Garrard
51183,783,Sussex
22027,784,Claiborne
05013,785,Calhoun
05037,786,Cross
21065,787,Estill
37029,788,Camden
21155,789,Marion
21151,790,Madison
48241,791,Jasper
51147,792,Prince Edward
48403,793,Sabine
37053,794,Currituck
51800,795,Suffolk
51011,796,Appomattox
21237,797,Wolfe
51135,798,Nottoway
54045,799,Logan
47131,800,Obion
51053,801,Dinwiddie
51680,802,Lynchburg
21159,803,Martin
22031,804,De Soto
05111,805,Poinsett
21021,806,Boyle
21177,807,Muhlenberg
05117,808,Prairie
21115,809,Johnson
51620,810,Franklin
51093,811,Isle of Wight
21123,812,Larue
21083,813,Graves
21085,814,Grayson
21175,815,Morgan
22119,816,Webster
21197,817,Powell
51009,818,Amherst
48199,819,Hardin
51005,820,Alleghany
05103,821,Ouachita
21093,822,Hardin
21157,823,Marshall
54005,824,Boone
51550,825,Chesapeake
21179,826,Nelson
05147,827,Woodruff
54025,828,Greenbrier
51163,829,Rockbridge
21229,830,Washington
48457,831,Tyler
21183,832,Ohio
51029,833,Buckingham
05085,834,Lonoke
29155,835,Pemiscot
51049,836,Cumberland
21113,837,Jessamine
21165,838,Menifee
21167,839,Mercer
05039,840,Dallas
51149,841,Prince George
21105,842,Hickman
54099,843,Wayne
48071,844,Chambers
21075,845,Fulton
22015,846,Bossier
48167,847,Galveston
21033,848,Caldwell
51007,849,Amelia
21107,850,Hopkins
21049,851,Clark
47095,852,Lake
54019,853,Fayette
21127,854,Lawrence
21143,855,Lyon
05031,856,Craighead
05027,857,Columbia
22017,858,Caddo
51580,859,Covington
05053,860,Grant
21067,861,Fayette
48419,862,Shelby
21173,863,Montgomery
51125,864,Nelson
51810,865,Virginia Beach
54043,866,Lincoln
48405,867,San Augustine
29069,868,Dunklin
51181,869,Surry
21239,870,Woodford
51041,871,Chesterfield
51530,872,Buena Vista
48291,873,Liberty
51730,874,Petersburg
21027,875,Breckinridge
54039,876,Kanawha
21063,877,Elliott
48005,878,Angelina
29143,879,New Madrid
21011,880,Bath
21205,881,Rowan
51678,882,Lexington
51740,883,Portsmouth
21139,884,Livingston
51145,885,Powhatan
05067,886,Jackson
21005,887,Anderson
21149,888,McLean
51570,889,Colonial Heights
05119,890,Pulaski
51017,891,Bath
21039,892,Carlisle
29133,893,Mississippi
05145,894,White
21145,895,McCracken
21029,896,Bullitt
51710,897,Norfolk
51670,898,Hopewell
21017,899,Bourbon
21055,900,Crittenden
51700,901,Newport News
05055,902,Greene
21091,903,Hancock
21215,904,Spencer
54067,905,Nicholas
51003,906,Albemarle
21163,907,Meade
51650,908,Hampton
21043,909,Carter
21059,910,Daviess
54075,911,Pocahontas
51036,912,Charles City
21069,913,Fleming
48373,914,Polk
17151,915,Pope
51087,916,Henrico
05125,917,Saline
05099,918,Nevada
17127,919,Massac
21211,920,Shelby
51015,921,Augusta
21233,922,Webster
05021,923,Clay
21209,924,Scott
48347,925,Nacogdoches
48365,926,Panola
51095,927,James City
54011,928,Cabell
51065,929,Fluvanna
21007,930,Ballard
21019,931,Boyd
51760,932,Richmond
21181,933,Nicholas
21073,934,Franklin
05019,935,Clark
51075,936,Goochland
05073,937,Lafayette
54079,938,Putnam
51199,939,York
05059,940,Hot Spring
54015,941,Clay
18061,942,Harrison
51735,943,Poquoson
51830,944,Williamsburg
21111,945,Jefferson
21135,946,Lewis
18123,947,Perry
05075,948,Lawrence
29207,949,Stoddard
54101,950,Webster
51127,951,New Kent
51131,952,Northampton
05063,953,Independence
21097,954,Harrison
48201,955,Harris
21089,956,Greenup
21225,957,Union
51073,958,Gloucester
21101,959,Henderson
17003,960,Alexander
51085,961,Hanover
51109,962,Louisa
51820,963,Waynesboro
18147,964,Spencer
39087,965,Lawrence
48203,966,Harrison
17069,967,Hardin
48039,968,Brazoria
51091,969,Highland
51790,970,Staunton
05045,971,Faulkner
29201,972,Scott
48407,973,San Jacinto
21187,974,Owen
21201,975,Robertson
51540,976,Charlottesville
51097,977,King and Queen
54053,978,Mason
17153,979,Pulaski
29023,980,Butler
51101,981,King William
05057,982,Hempstead
21103,983,Henry
18043,984,Floyd
21161,985,Mason
51115,986,Mathews
05091,987,Miller
05121,988,Randolph
21185,989,Oldham
54083,990,Randolph
05023,991,Cleburne
18025,992,Crawford
17087,993,Johnson
17059,994,Gallatin
48401,995,Rusk
18173,996,Warrick
48315,997,Marion
18019,998,Clark
54087,999,Roane
51033,1000,Caroline
54007,1001,Braxton
54035,1002,Jackson
39145,1003,Scioto
21081,1004,Grant
05051,1005,Garland
39053,1006,Gallia
18163,1007,Vanderburgh
51165,1008,Rockingham
39001,1009,Adams
21023,1010,Bracken
48339,1011,Montgomery
05135,1012,Sharp
21191,1013,Pendleton
48067,1014,Cass
48455,1015,Trinity
17165,1016,Saline
51119,1017,Middlesex
18129,1018,Posey
17181,1019,Union
54013,1020,Calhoun
29181,1021,Ripley
51137,1022,Orange
05109,1023,Pike
39015,1024,Brown
51079,1025,Greene
05105,1026,Perry
51177,1027,Spotsylvania
54071,1028,Pendleton
21223,1029,Trimble
51057,1030,Essex
18037,1031,Dubois
51103,1032,Lancaster
18175,1033,Washington
51660,1034,Harrisonburg
51113,1035,Madison
21041,1036,Carroll
05137,1037,Stone
17199,1038,Williamson
48073,1039,Cherokee
29031,1040,Cape Girardeau
54021,1041,Gilmer
05141,1042,Van Buren
17193,1043,White
05029,1044,Conway
48321,1045,Matagorda
18117,1046,Orange
51001,1047,Accomack
48225,1048,Houston
48157,1049,Fort Bend
18077,1050,Jefferson
54097,1051,Upshur
51159,1052,Richmond
21077,1053,Gallatin
48037,1054,Bowie
05081,1055,Little River
29017,1056,Bollinger
18125,1057,Pike
39025,1058,Clermont
54041,1059,Lewis
29223,1060,Wayne
51133,1061,Northumberland
48183,1062,Gregg
18143,1063,Scott
39079,1064,Jackson
05065,1065,Izard
18051,1066,Gibson
51047,1067,Culpeper
51139,1068,Page
18155,1069,Switzerland
39105,1070,Meigs
05061,1071,Howard
21015,1072,Boone
21117,1073,Kenton
21037,1074,Campbell
05097,1075,Montgomery
48471,1076,Walker
17065,1077,Hamilton
54105,1078,Wirt
17077,1079,Jackson
29149,1080,Oregon
39131,1081,Pike
29035,1082,Carter
51193,1083,Westmoreland
05133,1084,Sevier
51099,1085,King George
51630,1086,Fredericksburg
17055,1087,Franklin
51179,1088,Stafford
18101,1089,Martin
05049,1090,Fulton
51171,1091,Shenandoah
18071,1092,Jackson
18027,1093,Daviess
39163,1094,Vinton
18115,1095,Ohio
05115,1096,Pope
51157,1097,Rappahannock
39071,1098,Highland
48459,1099,Upshur
54107,1100,Wood
29157,1101,Perry
51061,1102,Fauquier
54085,1103,Ritchie
24039,1104,Somerset
24037,1105,St. Mary's
05149,1106,Yell
18079,1107,Jennings
18093,1108,Lawrence
48423,1109,Smith
54031,1110,Hardy
17185,1111,Wabash
18137,1112,Ripley
24017,1113,Charles
39061,1114,Hamilton
54001,1115,Barbour
18029,1116,Dearborn
48343,1117,Morris
17047,1118,Edwards
54023,1119,Grant
29123,1120,Madison
48001,1121,Anderson
48481,1122,Wharton
18083,1123,Knox
17191,1124,Wayne
48063,1125,Camp
05129,1126,Searcy
54017,1127,Doddridge
39141,1128,Ross
48473,1129,Waller
39009,1130,Athens
54093,1131,Tucker
29179,1132,Reynolds
54033,1133,Harrison
24019,1134,Dorchester
05005,1135,Baxter
48313,1136,Madison
39167,1137,Washington
17081,1138,Jefferson
51187,1139,Warren
29091,1140,Howell
51153,1141,Prince William
48185,1142,Grimes
17145,1143,Perry
39027,1144,Clinton
29093,1145,Iron
48449,1146,Titus
05113,1147,Polk
17101,1148,Lawrence
29203,1149,Shannon
39165,1150,Warren
54073,1151,Pleasants
40089,1152,McCurtain
18005,1153,Bartholomew
17157,1154,Randolph
48015,1155,Austin
05083,1156,Logan
05127,1157,Scott
05089,1158,Marion
54095,1159,Tyler
24009,1160,Calvert
18055,1161,Greene
18031,1162,Decatur
18105,1163,Monroe
39073,1164,Hocking
39017,1165,Butler
48499,1166,Wood
48387,1167,Red River
48289,1168,Leon
54091,1169,Taylor
18013,1170,Brown
17159,1171,Richland
51059,1172,Fairfax
24047,1173,Worcester
29187,1174,St. Francois
39047,1175,Fayette
51683,1176,Manassas
29186,1177,Ste. Genevieve
54077,1178,Preston
48213,1179,Henderson
05071,1180,Johnson
18047,1181,Franklin
24023,1182,Garrett
24033,1183,Prince George's
51685,1184,Manassas Park
05101,1185,Newton
24045,1186,Wicomico
51069,1187,Frederick
39115,1188,Morgan
39129,1189,Pickaway
17189,1190,Washington
48089,1191,Colorado
48477,1192,Washington
29153,1193,Ozark
18153,1194,Sullivan
54027,1195,Hampshire
17025,1196,Clay
51107,1197,Loudoun
54103,1198,Wetzel
51043,1199,Clarke
54049,1200,Marion
48057,1201,Calhoun
48041,1202,Brazos
48239,1203,Jackson
17033,1204,Crawford
48467,1205,Van Zandt
48159,1206,Franklin
17121,1207,Marion
54057,1208,Mineral
39127,1209,Perry
39045,1210,Fairfield
48161,1211,Freestone
51600,1212,Fairfax
39057,1213,Greene
51510,1214,Alexandria
18145,1215,Shelby
39111,1216,Monroe
54061,1217,Monongalia
24041,1218,Talbot
39121,1219,Noble
11001,1220,District of Columbia
18119,1221,Owen
51840,1222,Winchester
51013,1223,Arlington
39113,1224,Montgomery
18139,1225,Rush
18081,1226,Johnson
18161,1227,Union
51610,1228,Falls Church
17079,1229,Jasper
29215,1230,Texas
48223,1231,Hopkins
39135,1232,Preble
18041,1233,Fayette
05009,1234,Boone
24003,1235,Anne Arundel
48051,1236,Burleson
18109,1237,Morgan
29221,1238,Washington
17163,1239,St. Clair
29067,1240,Douglas
18021,1241,Clay
39097,1242,Madison
29065,1243,Dent
54037,1244,Jefferson
24031,1245,Montgomery
05047,1246,Franklin
17027,1247,Clinton
40079,1248,Le Flore
24001,1249,Allegany
17133,1250,Monroe
10005,1251,Sussex
39119,1252,Muskingum
48395,1253,Robertson
54051,1254,Marshall
54003,1255,Berkeley
48285,1256,Lavaca
39023,1257,Clark
05131,1258,Sebastian
39049,1259,Franklin
42059,1260,Greene
48379,1261,Rains
24035,1262,Queen Anne's
48469,1263,Victoria
48119,1264,Delta
48277,1265,Lamar
17049,1266,Effingham
29099,1267,Jefferson
18167,1268,Vigo
05087,1269,Madison
17023,1270,Clark
18177,1271,Wayne
39059,1272,Guernsey
54065,1273,Morgan
17051,1274,Fayette
24011,1275,Caroline
29213,1276,Taney
48149,1277,Fayette
42051,1278,Fayette
48293,1279,Limestone
24021,1280,Frederick
29055,1281,Crawford
39013,1282,Belmont
18133,1283,Putnam
48349,1284,Navarro
24043,1285,Washington
48391,1286,Refugio
39089,1287,Licking
18097,1288,Marion
39109,1289,Miami
18059,1290,Hancock
05015,1291,Carroll
48007,1292,Aransas
24027,1293,Howard
42111,1294,Somerset
18065,1295,Henry
40023,1296,Choctaw
17035,1297,Cumberland
29229,1298,Wright
17005,1299,Bond
18063,1300,Hendricks
48287,1301,Lee
05033,1302,Crawford
39037,1303,Darke
39021,1304,Champaign
40127,1305,Pushmataha
17119,1306,Madison
48257,1307,Kaufman
42125,1308,Washington
48331,1309,Milam
24029,1310,Kent
42009,1311,Bedford
10001,1312,Kent
24013,1313,Carroll
48231,1314,Hunt
24005,1315,Baltimore
54069,1316,Ohio
29189,1317,St. Louis
18121,1318,Parke
39159,1319,Union
17045,1320,Edgar
48355,1321,Nueces
18135,1322,Randolph
05143,1323,Washington
39041,1324,Delaware
24510,1325,Baltimore
48123,1326,DeWitt
17173,1327,Shelby
29071,1328,Franklin
42057,1329,Fulton
48145,1330,Falls
29161,1331,Phelps
17029,1332,Coles
18095,1333,Madison
39031,1334,Coshocton
29043,1335,Christian
18057,1336,Hamilton
29510,1337,St. Louis
29209,1338,Stone
39067,1339,Harrison
18165,1340,Vermillion
40135,1341,Sequoyah
42055,1342,Franklin
39081,1343,Jefferson
29225,1344,Webster
39149,1345,Shelby
17135,1346,Montgomery
39157,1347,Tuscarawas
18035,1348,Delaware
39083,1349,Knox
54009,1350,Brooke
39091,1351,Logan
48409,1352,San Patricio
18011,1353,Boone
40077,1354,Latimer
48147,1355,Fannin
24025,1356,Harford
29169,1357,Pulaski
48175,1358,Goliad
42129,1359,Westmoreland
48139,1360,Ellis
18107,1361,Montgomery
48021,1362,Bastrop
29105,1363,Laclede
48273,1364,Kleberg
34009,1365,Cape May
48177,1366,Gonzales
42003,1367,Allegheny
39117,1368,Morrow
17139,1369,Moultrie
42001,1370,Adams
29009,1371,Barry
05007,1372,Benton
29183,1373,St. Charles
40061,1374,Haskell
17117,1375,Macoupin
40013,1376,Bryan
48061,1377,Cameron
48397,1378,Rockwall
40001,1379,Adair
48309,1380,McLennan
48489,1381,Willacy
48217,1382,Hill
29073,1383,Gasconade
29125,1384,Maries
18075,1385,Jay
48261,1386,Kenedy
17041,1387,Douglas
39107,1388,Mercer
39011,1389,Auglaize
39101,1390,Marion
17021,1391,Christian
48085,1392,Collin
39075,1393,Holmes
29077,1394,Greene
18045,1395,Fountain
24015,1396,Cecil
39019,1397,Carroll
48491,1398,Williamson
54029,1399,Hancock
48025,1400,Bee
48113,1401,Dallas
18159,1402,Tipton
42133,1403,York
10003,1404,New Castle
34011,1405,Cumberland
17183,1406,Vermilion
48027,1407,Bell
18023,1408,Clinton
29219,1409,Warren
48055,1410,Caldwell
39065,1411,Hardin
40005,1412,Atoka
17083,1413,Jersey
18009,1414,Blackford
40121,1415,Pittsburg
42021,1416,Cambria
39139,1417,Richland
39005,1418,Ashland
42007,1419,Beaver
42041,1420,Cumberland
18053,1421,Grant
42061,1422,Huntingdon
17019,1423,Champaign
17013,1424,Calhoun
40021,1425,Cherokee
29151,1426,Osage
18157,1427,Tippecanoe
29059,1428,Dallas
42013,1429,Blair
42063,1430,Indiana
39029,1431,Columbiana
39151,1432,Stark
34033,1433,Salem
48453,1434,Travis
17115,1435,Macon
18067,1436,Howard
29029,1437,Camden
48255,1438,Karnes
29109,1439,Lawrence
29119,1440,McDonald
29131,1441,Miller
17147,1442,Piatt
39169,1443,Wayne
48181,1444,Grayson
40101,1445,Muskogee
39003,1446,Allen
18001,1447,Adams
39175,1448,Wyandot
29113,1449,Lincoln
18171,1450,Warren
18179,1451,Wells
39033,1452,Crawford
42071,1453,Lancaster
42005,1454,Armstrong
42029,1455,Chester
39161,1456,Van Wert
29167,1457,Polk
42099,1458,Perry
40041,1459,Delaware
17061,1460,Greene
18015,1461,Carroll
48187,1462,Guadalupe
17167,1463,Sangamon
42019,1464,Butler
40091,1465,McIntosh
42067,1466,Juniata
18103,1467,Miami
18069,1468,Huntington
29145,1469,Newton
48493,1470,Wilson
39063,1471,Hancock
34001,1472,Atlantic
48251,1473,Johnson
48249,1474,Jim Wells
29139,1475,Montgomery
48035,1476,Bosque
18017,1477,Cass
48297,1478,Live Oak
18169,1479,Wabash
48099,1480,Coryell
42087,1481,Mifflin
48121,1482,Denton
48209,1483,Hays
48439,1484,Tarrant
39137,1485,Putnam
29057,1486,Dade
17137,1487,Morgan
29051,1488,Cole
39153,1489,Summit
42073,1490,Lawrence
42043,1491,Dauphin
40029,1492,Coal
39099,1493,Mahoning
29027,1494,Callaway
18007,1495,Benton
34015,1496,Gloucester
18181,1497,White
29163,1498,Pike
39077,1499,Huron
39147,1500,Seneca
39103,1501,Medina
17039,1502,De Witt
17107,1503,Logan
39133,1504,Portage
40069,1505,Johnston
29097,1506,Jasper
42045,1507,Delaware
18003,1508,Allen
40145,1509,Wagoner
42033,1510,Clearfield
48215,1511,Hidalgo
40095,1512,Marshall
29085,1513,Hickory
42075,1514,Lebanon
39125,1515,Paulding
40063,1516,Hughes
40097,1517,Mayes
48047,1518,Brooks
17171,1519,Scott
39093,1520,Lorain
17075,1521,Iroquois
17149,1522,Pike
34007,1523,Camden
17053,1524,Ford
29141,1525,Morgan
48091,1526,Comal
40115,1527,Ottawa
29039,1528,Cedar
42027,1529,Centre
48097,1530,Cooke
17113,1531,McLean
48013,1532,Atascosa
48053,1533,Burnet
42065,1534,Jefferson
29135,1535,Moniteau
42031,1536,Clarion
29015,1537,Benton
18183,1538,Whitley
39155,1539,Trumbull
42101,1540,Philadelphia
29019,1541,Boone
39173,1542,Wood
34029,1543,Ocean
34005,1544,Burlington
42085,1545,Mercer
17129,1546,Menard
40111,1547,Okmulgee
48029,1548,Bexar
39069,1549,Henry
18049,1550,Fulton
29007,1551,Audrain
42011,1552,Berks
18073,1553,Jasper
39039,1554,Defiance
48281,1555,Lampasas
29011,1556,Barton
40107,1557,Okfuskee
18111,1558,Newton
40123,1559,Pontotoc
18131,1560,Pulaski
48193,1561,Hamilton
48131,1562,Duval
17017,1563,Cass
39143,1564,Sandusky
18085,1565,Kosciusko
42091,1566,Montgomery
48425,1567,Somervell
40035,1568,Craig
29185,1569,St. Clair
39035,1570,Cuyahoga
39043,1571,Erie
40131,1572,Rogers
42121,1573,Venango
48221,1574,Hood
42109,1575,Snyder
48031,1576,Blanco
48367,1577,Parker
42097,1578,Northumberland
20021,1579,Cherokee
40085,1580,Love
48497,1581,Wise
17125,1582,Mason
48311,1583,McMullen
42107,1584,Schuylkill
29173,1585,Ralls
39055,1586,Geauga
18033,1587,DeKalb
17105,1588,Livingston
29053,1589,Cooper
40019,1590,Carter
18113,1591,Noble
42119,1592,Union
17179,1593,Tazewell
48427,1594,Starr
40143,1595,Tulsa
40133,1596,Seminole
29217,1597,Vernon
42017,1598,Bucks
18099,1599,Marshall
39095,1600,Lucas
17009,1601,Brown
48143,1602,Erath
40099,1603,Murray
39123,1604,Ottawa
48247,1605,Jim Hogg
39171,1606,Williams
29137,1607,Monroe
18149,1608,Starke
48259,1609,Kendall
42047,1610,Elk
17001,1611,Adams
39051,1612,Fulton
29159,1613,Pettis
42035,1614,Clinton
48299,1615,Llano
29083,1616,Henry
39007,1617,Ashtabula
17169,1618,Schuyler
42053,1619,Forest
20037,1620,Crawford
42039,1621,Crawford
48337,1622,Montague
17091,1623,Kankakee
40037,1624,Creek
42077,1625,Lehigh
39085,1626,Lake
40105,1627,Nowata
29089,1628,Howard
17057,1629,Fulton
29127,1630,Marion
34021,1631,Mercer
34025,1632,Monmouth
17203,1633,Woodford
20099,1634,Labette
48333,1635,Mills
42023,1636,Cameron
40049,1637,Garvin
18151,1638,Steuben
48093,1639,Comanche
40125,1640,Pottawatomie
18039,1641,Elkhart
42037,1642,Columbia
18127,1643,Porter
18091,1644,LaPorte
48411,1645,San Saba
18087,1646,LaGrange
42093,1647,Montour
18089,1648,Lake
48171,1649,Gillespie
29013,1650,Bates
34019,1651,Hunterdon
42081,1652,Lycoming
29175,1653,Randolph
40087,1654,McClain
40113,1655,Osage
48363,1656,Palo Pinto
18141,1657,St. Joseph
42095,1658,Northampton
26115,1659,Monroe
26091,1660,Lenawee
40147,1661,Washington
17143,1662,Peoria
26059,1663,Hillsdale
48237,1664,Jack
48283,1665,La Salle
48163,1666,Frio
48479,1667,Webb
29101,1668,Johnson
20011,1669,Bourbon
17109,1670,McDonough
42025,1671,Carbon
42123,1672,Warren
48325,1673,Medina
34023,1674,Middlesex
40081,1675,Lincoln
40067,1676,Jefferson
48019,1677,Bandera
34035,1678,Somerset
29195,1679,Saline
29205,1680,Shelby
34041,1681,Warren
17063,1682,Grundy
17197,1683,Will
42079,1684,Luzerne
26023,1685,Branch
17099,1686,LaSalle
20133,1687,Neosho
42083,1688,McKean
17067,1689,Hancock
29111,1690,Lewis
17123,1691,Marshall
42105,1692,Potter
20125,1693,Montgomery
26149,1694,St. Joseph
40117,1695,Pawnee
40027,1696,Cleveland
42049,1697,Erie
48265,1698,Kerr
29041,1699,Chariton
42089,1700,Monroe
48505,1701,Zapata
40137,1702,Stephens
26027,1703,Cass
48077,1704,Clay
29121,1705,Macon
29037,1706,Cass
17095,1707,Knox
17031,1708,Cook
48133,1709,Eastland
20107,1710,Linn
26163,1711,Wayne
48049,1712,Brown
26021,1713,Berrien
40119,1714,Payne
29107,1715,Lafayette
42117,1716,Tioga
48319,1717,Mason
42113,1718,Sullivan
36085,1719,Richmond
17187,1720,Warren
17155,1721,Putnam
26161,1722,Washtenaw
34027,1723,Morris
34039,1724,Union
20001,1725,Allen
26075,1726,Jackson
29103,1727,Knox
17175,1728,Stark
40109,1729,Oklahoma
36013,1730,Chautauqua
20205,1731,Wilson
26025,1732,Calhoun
48429,1733,Stephens
48503,1734,Young
29045,1735,Clark
17093,1736,Kendall
36081,1737,Queens
20019,1738,Chautauqua
29033,1739,Carroll
40051,1740,Grady
26077,1741,Kalamazoo
42069,1742,Lackawanna
36047,1743,Kings
42131,1744,Wyoming
17071,1745,Henderson
17011,1746,Bureau
36009,1747,Cattaraugus
19111,1748,Lee
48307,1749,McCulloch
34017,1750,Hudson
34013,1751,Essex
20121,1752,Miami
34037,1753,Sussex
26159,1754,Van Buren
42015,1755,Bradford
20003,1756,Anderson
40083,1757,Logan
48009,1758,Archer
29095,1759,Jackson
36059,1760,Nassau
48127,1761,Dimmit
17043,1762,DuPage
42127,1763,Wayne
48507,1764,Zavala
29115,1765,Linn
42103,1766,Pike
36061,1767,New York
48267,1768,Kimble
48463,1769,Uvalde
40033,1770,Cotton
36003,1771,Allegany
17073,1772,Henry
29001,1773,Adair
20207,1774,Woodson
20049,1775,Elk
34003,1776,Bergen
29177,1777,Ray
19057,1778,Des Moines
29199,1779,Scotland
34031,1780,Passaic
40103,1781,Noble
17089,1782,Kane
17037,1783,DeKalb
48083,1784,Coleman
26125,1785,Oakland
26093,1786,Livingston
26099,1787,Macomb
36103,1788,Suffolk
36101,1789,Steuben
29117,1790,Livingston
48485,1791,Wichita
26065,1792,Ingham
17131,1793,Mercer
26147,1794,St. Clair
36005,1795,Bronx
26045,1796,Eaton
40031,1797,Comanche
40017,1798,Canadian
48059,1799,Callahan
17103,1800,Lee
20091,1801,Johnson
42115,1802,Susquehanna
20059,1803,Franklin
26015,1804,Barry
48385,1805,Real
19177,1806,Van Buren
48327,1807,Menard
20073,1808,Greenwood
20035,1809,Cowley
20031,1810,Coffey
17097,1811,Lake
36119,1812,Westchester
26005,1813,Allegan
29211,1814,Sullivan
40071,1815,Kay
48417,1816,Shackelford
19087,1817,Henry
48447,1818,Throckmorton
40015,1819,Caddo
29197,1820,Schuyler
36015,1821,Chemung
29047,1822,Clay
29025,1823,Caldwell
36087,1824,Rockland
36071,1825,Orange
19115,1826,Louisa
17195,1827,Whiteside
36029,1828,Erie
40073,1829,Kingfisher
36105,1830,Sullivan
17161,1831,Rock Island
48137,1832,Edwards
48095,1833,Concho
09190,1834,Western Connecticut
40141,1835,Tillman
36107,1836,Tioga
20209,1837,Wyandotte
48023,1838,Baylor
19051,1839,Davis
17141,1840,Ogle
40047,1841,Garfield
29171,1842,Putnam
20045,1843,Douglas
29079,1844,Grundy
26049,1845,Genesee
26155,1846,Shiawassee
29165,1847,Platte
17111,1848,McHenry
19101,1849,Jefferson
29049,1850,Clinton
26037,1851,Clinton
20139,1852,Osage
36121,1853,Wyoming
29061,1854,Daviess
36007,1855,Broome
20015,1856,Butler
26067,1857,Ionia
36097,1858,Schuyler
20103,1859,Leavenworth
26087,1860,Lapeer
55059,1861,Kenosha
48487,1862,Wilbarger
19163,1863,Scott
36051,1864,Livingston
26081,1865,Kent
36079,1866,Putnam
09120,1867,Greater Bridgeport
48399,1868,Runnels
20111,1869,Lyon
19139,1870,Muscatine
17007,1871,Boone
19007,1872,Appanoose
48441,1873,Taylor
19183,1874,Washington
26139,1875,Ottawa
36109,1876,Tompkins
36025,1877,Delaware
48323,1878,Maverick
48271,1879,Kinney
40053,1880,Grant
20191,1881,Sumner
17201,1882,Winnebago
19179,1883,Wapello
17015,1884,Carroll
36111,1885,Ulster
40075,1886,Kiowa
36027,1887,Dutchess
29129,1888,Mercer
19045,1889,Clinton
29063,1890,DeKalb
48253,1891,Jones
48207,1892,Haskell
55101,1893,Racine
20087,1894,Jefferson
36123,1895,Yates
36069,1896,Ontario
48435,1897,Sutton
29021,1898,Buchanan
40011,1899,Blaine
09170,1900,South Central Connecticut
29081,1901,Harrison
19031,1902,Cedar
20177,1903,Shawnee
40149,1904,Washita
48413,1905,Schleicher
20017,1906,Chase
19103,1907,Johnson
19107,1908,Keokuk
19185,1909,Wayne
36017,1910,Chenango
26151,1911,Sanilac
26145,1912,Saginaw
55127,1913,Walworth
36099,1914,Seneca
26057,1915,Gratiot
48275,1916,Knox
36037,1917,Genesee
17177,1918,Stephenson
09140,1919,Naugatuck Valley
48451,1920,Tom Green
36023,1921,Cortland
19135,1922,Monroe
20005,1923,Atchison
26117,1924,Montcalm
40093,1925,Major
26157,1926,Tuscola
55079,1927,Milwaukee
19097,1928,Jackson
36063,1929,Niagara
29075,1930,Gentry
40065,1931,Jackson
20173,1932,Sedgwick
55105,1933,Rock
48155,1934,Foard
40039,1935,Custer
20197,1936,Wabaunsee
36011,1937,Cayuga
29003,1938,Andrew
09160,1939,Northwest Hills
19123,1940,Mahaska
26121,1941,Muskegon
17085,1942,Jo Daviess
36077,1943,Otsego
19053,1944,Decatur
09130,1945,Lower Connecticut River Valley
36055,1946,Monroe
40003,1947,Alfalfa
20043,1948,Doniphan
19095,1949,Iowa
48081,1950,Coke
48353,1951,Nolan
20127,1952,Morris
48197,1953,Hardeman
19117,1954,Lucas
20085,1955,Jackson
19105,1956,Jones
36073,1957,Orleans
20115,1958,Marion
55133,1959,Waukesha
20077,1960,Harper
55045,1961,Green
40043,1962,Dewey
26123,1963,Newaygo
48433,1964,Stonewall
40055,1965,Greer
26017,1966,Bay
48151,1967,Fisher
36039,1968,Greene
19113,1969,Linn
09110,1970,Capitol
26111,1971,Midland
19125,1972,Marion
09180,1973,Southeastern Connecticut
20079,1974,Harvey
48465,1975,Val Verde
29227,1976,Worth
36067,1977,Onondaga
29147,1978,Nodaway
36117,1979,Wayne
26073,1980,Isabella
55055,1981,Jefferson
29087,1982,Holt
19157,1983,Poweshiek
26107,1984,Mecosta
19159,1985,Ringgold
20013,1986,Brown
36053,1987,Madison
55089,1988,Ozaukee
55065,1989,Lafayette
36021,1990,Columbia
48269,1991,King
20149,1992,Pottawatomie
19039,1993,Clarke
40151,1994,Woods
19061,1995,Dubuque
20095,1996,Kingman
36095,1997,Schoharie
26063,1998,Huron
55025,1999,Dane
48235,2000,Irion
26127,2001,Oceana
44009,2002,Washington
19011,2003,Benton
40009,2004,Beckham
40057,2005,Harmon
20061,2006,Geary
19181,2007,Warren
25003,2008,Berkshire
19099,2009,Jasper
20161,2010,Riley
55043,2011,Grant
20131,2012,Nemaha
55131,2013,Washington
36001,2014,Albany
20155,2015,Reno
48101,2016,Cottle
19173,2017,Taylor
31147,2018,Richardson
19055,2019,Delaware
20041,2020,Dickinson
20007,2021,Barber
20113,2022,McPherson
48105,2023,Crockett
19175,2024,Union
36065,2025,Oneida
48335,2026,Mitchell
26011,2027,Arenac
40153,2028,Woodward
55027,2029,Dodge
26051,2030,Gladwin
40129,2031,Roger Mills
55049,2032,Iowa
19171,2033,Tama
26035,2034,Clare
25013,2035,Hampden
36043,2036,Herkimer
48075,2037,Childress
48431,2038,Sterling
36075,2039,Oswego
44005,2040,Newport
26133,2041,Osceola
48263,2042,Kent
55117,2043,Sheboygan
09150,2044,Northeastern Connecticut
48415,2045,Scurry
29005,2046,Atchison
19121,2047,Madison
26085,2048,Lake
19019,2049,Buchanan
36083,2050,Rensselaer
19153,2051,Polk
26105,2052,Mason
44003,2053,Kent
20117,2054,Marshall
19145,2055,Page
36057,2056,Montgomery
48125,2057,Dickens
19043,2058,Clayton
36093,2059,Schenectady
19003,2060,Adams
48087,2061,Collingsworth
19127,2062,Marshall
55021,2063,Columbia
20169,2064,Saline
40045,2065,Ellis
25015,2066,Hampshire
55039,2067,Fond du Lac
44007,2068,Providence
31127,2069,Nemaha
25007,2070,Dukes
19001,2071,Adair
19013,2072,Black Hawk
26069,2073,Iosco
20151,2074,Pratt
20027,2075,Clay
48345,2076,Motley
26129,2077,Ogemaw
20159,2078,Rice
31133,2079,Pawnee
36035,2080,Fulton
48383,2081,Reagan
25005,2082,Bristol
26143,2083,Roscommon
19049,2084,Dallas
48483,2085,Wheeler
55111,2086,Sauk
25027,2087,Worcester
26113,2088,Missaukee
48191,2089,Hall
19169,2090,Story
36091,2091,Saratoga
55071,2092,Manitowoc
19071,2093,Fremont
44001,2094,Bristol
48173,2095,Glasscock
19137,2096,Montgomery
19065,2097,Fayette
26165,2098,Wexford
20033,2099,Comanche
48227,2100,Howard
55103,2101,Richland
40059,2102,Harper
36045,2103,Jefferson
20143,2104,Ottawa
36049,2105,Lewis
25011,2106,Franklin
19075,2107,Grundy
26101,2108,Manistee
20185,2109,Stafford
20201,2110,Washington
25019,2111,Nantucket
48169,2112,Garza
19029,2113,Cass
48033,2114,Borden
55047,2115,Green Lake
20053,2116,Ellsworth
48211,2117,Hemphill
31131,2118,Otoe
55023,2119,Crawford
50003,2120,Bennington
31097,2121,Johnson
19077,2122,Guthrie
36041,2123,Hamilton
55015,2124,Calumet
19083,2125,Hardin
25001,2126,Barnstable
31067,2127,Gage
19017,2128,Bremer
48443,2129,Terrell
19015,2130,Boone
36115,2131,Washington
25023,2132,Plymouth
48107,2133,Crosby
55077,2134,Marquette
48129,2135,Donley
20097,2136,Kiowa
25021,2137,Norfolk
26001,2138,Alcona
55139,2139,Winnebago
19129,2140,Mills
26135,2141,Oscoda
19005,2142,Allamakee
20029,2143,Cloud
50025,2144,Windham
26039,2145,Crawford
19023,2146,Butler
55001,2147,Adams
48295,2148,Lipscomb
26079,2149,Kalkaska
48371,2150,Pecos
19155,2151,Pottawattamie
48153,2152,Floyd
25017,2153,Middlesex
20009,2154,Barton
20105,2155,Lincoln
55057,2156,Juneau
26055,2157,Grand Traverse
19009,2158,Audubon
19079,2159,Hamilton
48461,2160,Upton
48179,2161,Gray
55061,2162,Kewaunee
31025,2163,Cass
36113,2164,Warren
19073,2165,Greene
48045,2166,Briscoe
19191,2167,Winneshiek
55123,2168,Vernon
20025,2169,Clark
20047,2170,Edwards
26019,2171,Benzie
19037,2172,Chickasaw
33005,2173,Cheshire
55137,2174,Waushara
31095,2175,Jefferson
48329,2176,Midland
48317,2177,Martin
55009,2178,Brown
19069,2179,Franklin
20157,2180,Republic
20145,2181,Pawnee
40007,2182,Beaver
48305,2183,Lynn
19165,2184,Shelby
55087,2185,Outagamie
48115,2186,Dawson
48393,2187,Roberts
31109,2188,Lancaster
20123,2189,Mitchell
25025,2190,Suffolk
19187,2191,Webster
26007,2192,Alpena
55081,2193,Monroe
20167,2194,Russell
19067,2195,Floyd
26119,2196,Montmorency
19027,2197,Carroll
31153,2198,Sarpy
26137,2199,Otsego
33011,2200,Hillsborough
48303,2201,Lubbock
27055,2202,Houston
26089,2203,Leelanau
55135,2204,Waupaca
50021,2205,Rutland
20057,2206,Ford
26009,2207,Antrim
48011,2208,Armstrong
19197,2209,Wright
31151,2210,Saline
19089,2211,Howard
55029,2212,Door
31169,2213,Thayer
48357,2214,Ochiltree
31055,2215,Douglas
55063,2216,La Crosse
50027,2217,Windsor
48043,2218,Brewster
20165,2219,Rush
19085,2220,Harrison
48189,2221,Hale
36089,2222,St. Lawrence
55097,2223,Portage
20089,2224,Jewell
25009,2225,Essex
36031,2226,Essex
19033,2227,Cerro Gordo
19025,2228,Calhoun
33019,2229,Sullivan
20119,2230,Meade
48065,2231,Carson
27045,2232,Fillmore
48437,2233,Swisher
19047,2234,Crawford
31155,2235,Saunders
48103,2236,Crane
20141,2237,Osborne
19131,2238,Mitchell
55083,2239,Oconto
55115,2240,Shawano
20083,2241,Hodgeman
55141,2242,Wood
31177,2243,Washington
26029,2244,Charlevoix
48135,2245,Ector
33015,2246,Rockingham
48003,2247,Andrews
31159,2248,Seward
26141,2249,Presque Isle
31059,2250,Fillmore
19091,2251,Humboldt
55075,2252,Marinette
36033,2253,Franklin
26031,2254,Cheboygan
20051,2255,Ellis
55053,2256,Jackson
19081,2257,Hancock
48445,2258,Terry
48233,2259,Hutchinson
27169,2260,Winona
31129,2261,Nuckolls
48165,2262,Gaines
33013,2263,Merrimack
19161,2264,Sac
50001,2265,Addison
27099,2266,Mower
19195,2267,Worth
48219,2268,Hockley
26047,2269,Emmet
19151,2270,Pocahontas
20135,2271,Ness
48381,2272,Randall
31053,2273,Dodge
55121,2274,Trempealeau
19133,2275,Monona
20069,2276,Gray
20183,2277,Smith
48195,2278,Hansford
19109,2279,Kossuth
31023,2280,Butler
55073,2281,Marathon
55078,2282,Menominee
31185,2283,York
26109,2284,Menominee
48279,2285,Lamb
31021,2286,Burt
20175,2287,Seward
31035,2288,Clay
19093,2289,Ida
20163,2290,Rooks
55019,2291,Clark
55011,2292,Buffalo
40139,2293,Texas
33009,2294,Grafton
48375,2295,Potter
27109,2296,Olmsted
31181,2297,Webster
19189,2298,Winnebago
48069,2299,Castro
33017,2300,Strafford
48475,2301,Ward
26041,2302,Delta
27047,2303,Freeborn
19021,2304,Buena Vista
20195,2305,Trego
50017,2306,Orange
23031,2307,York
33001,2308,Belknap
48495,2309,Winkler
19147,2310,Palo Alto
19193,2311,Woodbury
48341,2312,Moore
20055,2313,Finney
20081,2314,Haskell
48501,2315,Yoakum
31143,2316,Polk
50023,2317,Washington
36019,2318,Clinton
31081,2319,Hamilton
55067,2320,Langlade
26097,2321,Mackinac
27039,2322,Dodge
31037,2323,Colfax
26153,2324,Schoolcraft
27157,2325,Wabasha
50007,2326,Chittenden
31039,2327,Cuming
31001,2328,Adams
20147,2329,Phillips
26033,2330,Chippewa
48389,2331,Reeves
48079,2332,Cochran
19035,2333,Cherokee
27043,2334,Faribault
20189,2335,Stevens
48117,2336,Deaf Smith
31061,2337,Franklin
20101,2338,Lane
55035,2339,Eau Claire
31173,2340,Thurston
48421,2341,Sherman
19041,2342,Clay
20065,2343,Graham
27147,2344,Steele
31141,2345,Platte
33003,2346,Carroll
55069,2347,Lincoln
48017,2348,Bailey
35025,2349,Lea
19063,2350,Emmet
55041,2351,Forest
48359,2352,Oldham
48369,2353,Parmer
20063,2354,Gove
27049,2355,Goodhue
31079,2356,Hall
20067,2357,Grant
31167,2358,Stanton
50013,2359,Grand Isle
27161,2360,Waseca
50005,2361,Caledonia
31121,2362,Merrick
55091,2363,Pepin
19149,2364,Plymouth
55119,2365,Taylor
31099,2366,Kearney
27091,2367,Martin
31043,2368,Dakota
55017,2369,Chippewa
31125,2370,Nance
19141,2371,O'Brien
50015,2372,Lamoille
31083,2373,Harlan
48243,2374,Jeff Davis
48205,2375,Hartley
48301,2376,Loving
55033,2377,Dunn
20137,2378,Norton
20171,2379,Scott
19059,2380,Dickinson
26043,2381,Dickinson
27013,2382,Blue Earth
31179,2383,Wayne
55093,2384,Pierce
55085,2385,Oneida
20093,2386,Kearny
27131,2387,Rice
20129,2388,Morton
23017,2389,Oxford
50011,2390,Franklin
31119,2391,Madison
55037,2392,Florence
31093,2393,Howard
35041,2394,Roosevelt
31051,2395,Dixon
23005,2396,Cumberland
20179,2397,Sheridan
31019,2398,Buffalo
46127,2399,Union
48111,2400,Dallam
31011,2401,Boone
19167,2402,Sioux
33007,2403,Coos
27063,2404,Jackson
55099,2405,Price
31137,2406,Phelps
26103,2407,Marquette
20187,2408,Stanton
50009,2409,Essex
40025,2410,Cimarron
26095,2411,Luce
19143,2412,Osceola
50019,2413,Orleans
27079,2414,Le Sueur
48377,2415,Presidio
27037,2416,Dakota
31065,2417,Furnas
27165,2418,Watonwan
26003,2419,Alger
26071,2420,Iron
35009,2421,Curry
55109,2422,St. Croix
31139,2423,Pierce
31027,2424,Cedar
20203,2425,Wichita
20109,2426,Logan
31077,2427,Greeley
55107,2428,Rusk
20075,2429,Hamilton
20039,2430,Decatur
31163,2431,Sherman
35015,2432,Eddy
27103,2433,Nicollet
23023,2434,Sagadahoc
08009,2435,Baca
55125,2436,Vilas
27139,2437,Scott
27163,2438,Washington
55005,2439,Barron
19119,2440,Lyon
31003,2441,Antelope
27105,2442,Nobles
23001,2443,Androscoggin
27033,2444,Cottonwood
35037,2445,Quay
46027,2446,Clay
31073,2447,Gosper
27015,2448,Brown
20193,2449,Thomas
35005,2450,Chaves
31047,2451,Dawson
23015,2452,Lincoln
31183,2453,Wheeler
46083,2454,Lincoln
55113,2455,Sawyer
27143,2456,Sibley
31175,2457,Valley
48109,2458,Culberson
26053,2459,Gogebic
31145,2460,Red Willow
31107,2461,Knox
27123,2462,Ramsey
55095,2463,Polk
20071,2464,Greeley
31041,2465,Custer
27053,2466,Hennepin
27019,2467,Carver
08099,2468,Prowers
27133,2469,Rock
55051,2470,Iron
35059,2471,Union
46135,2472,Yankton
27101,2473,Murray
23011,2474,Kennebec
20153,2475,Rawlins
31063,2476,Frontier
26013,2477,Baraga
23013,2478,Knox
20199,2479,Wallace
55003,2480,Ashland
46125,2481,Turner
31089,2482,Holt
27127,2483,Redwood
55129,2484,Washburn
31071,2485,Garfield
27003,2486,Anoka
26131,2487,Ontonagon
27085,2488,McLeod
26061,2489,Houghton
27129,2490,Renville
35021,2491,Harding
27025,2492,Chisago
46099,2493,Minnehaha
23007,2494,Franklin
20181,2495,Sherman
55013,2496,Burnett
35011,2497,De Baca
08061,2498,Kiowa
27171,2499,Wright
31087,2500,Hitchcock
27117,2501,Pipestone
46009,2502,Bon Homme
35047,2503,San Miguel
31111,2504,Lincoln
27083,2505,Lyon
27059,2506,Isanti
31115,2507,Loup
46067,2508,Hutchinson
23027,2509,Waldo
27141,2510,Sherburne
55007,2511,Bayfield
08017,2512,Cheyenne
23025,2513,Somerset
27093,2514,Meeker
46101,2515,Moody
20023,2516,Cheyenne
31085,2517,Hayes
08071,2518,Las Animas
08011,2519,Bent
46087,2520,McCook
27173,2521,Yellow Medicine
46023,2522,Charles Mix
23009,2523,Hancock
27081,2524,Lincoln
27067,2525,Kandiyohi
31015,2526,Boyd
55031,2527,Douglas
27115,2528,Pine
35019,2529,Guadalupe
48229,2530,Hudspeth
31149,2531,Rock
08063,2532,Kit Carson
31057,2533,Dundy
31009,2534,Blaine
35035,2535,Otero
26083,2536,Keweenaw
46079,2537,Lake
27095,2538,Mille Lacs
27145,2539,Stearns
27065,2540,Kanabec
46011,2541,Brookings
46061,2542,Hanson
27023,2543,Chippewa
27009,2544,Benton
31113,2545,Logan
23019,2546,Penobscot
46043,2547,Douglas
46053,2548,Gregory
31029,2549,Chase
31017,2550,Brown
35027,2551,Lincoln
46097,2552,Miner
23021,2553,Piscataquis
08125,2554,Yuma
46035,2555,Davison
35007,2556,Colfax
27073,2557,Lac qui Parle
27151,2558,Swift
31135,2559,Perkins
27097,2560,Morrison
08089,2561,Otero
31171,2562,Thomas
46039,2563,Deuel
27017,2564,Carlton
46077,2565,Kingsbury
27001,2566,Aitkin
31117,2567,McPherson
35033,2568,Mora
23029,2569,Washington
46003,2570,Aurora
31103,2571,Keya Paha
46111,2572,Sanborn
27121,2573,Pope
31031,2574,Cherry
31101,2575,Keith
46057,2576,Hamlin
08073,2577,Lincoln
27137,2578,St. Louis
27031,2579,Cook
27075,2580,Lake
27153,2581,Todd
27035,2582,Crow Wing
08025,2583,Crowley
46051,2584,Grant
31091,2585,Hooker
46015,2586,Brule
27011,2587,Big Stone
08095,2588,Phillips
46005,2589,Beadle
27149,2590,Stevens
46029,2591,Codington
46123,2592,Tripp
08121,2593,Washington
46073,2594,Jerauld
27041,2595,Douglas
35057,2596,Torrance
46025,2597,Clark
31005,2598,Arthur
08101,2599,Pueblo
08115,2600,Sedgwick
27021,2601,Cass
48141,2602,El Paso
46085,2603,Lyman
46109,2604,Roberts
31049,2605,Deuel
27051,2606,Grant
31075,2607,Grant
46017,2608,Buffalo
27111,2609,Otter Tail
27155,2610,Traverse
08039,2611,Elbert
46115,2612,Spink
46121,2613,Todd
08075,2614,Logan
08055,2615,Huerfano
27159,2616,Wadena
31069,2617,Garden
46059,2618,Hand
27061,2619,Itasca
46037,2620,Day
23003,2621,Aroostook
08041,2622,El Paso
35053,2623,Socorro
35049,2624,Santa Fe
35055,2625,Taos
35013,2626,Do√±a Ana
46095,2627,Mellette
31033,2628,Cheyenne
08005,2629,Arapahoe
35039,2630,Rio Arriba
08023,2631,Costilla
27167,2632,Wilkin
08087,2633,Morgan
46069,2634,Hyde
35051,2635,Sierra
46091,2636,Marshall
08001,2637,Adams
27057,2638,Hubbard
38077,2639,Richland
46065,2640,Hughes
31161,2641,Sheridan
46013,2642,Brown
27005,2643,Becker
31123,2644,Morrill
35001,2645,Bernalillo
46049,2646,Faulk
46075,2647,Jones
08027,2648,Custer
46007,2649,Bennett
08043,2650,Fremont
38081,2651,Sargent
35061,2652,Valencia
08123,2653,Weld
46117,2654,Stanley
35043,2655,Sandoval
08021,2656,Conejos
31105,2657,Kimball
08035,2658,Douglas
46119,2659,Sully
08119,2660,Teller
27027,2661,Clay
08003,2662,Alamosa
35028,2663,Los Alamos
27007,2664,Beltrami
46045,2665,Edmunds
27071,2666,Koochiching
08109,2667,Saguache
46071,2668,Jackson
27029,2669,Clearwater
31013,2670,Box Butte
38073,2671,Ransom
46107,2672,Potter
31007,2673,Banner
27087,2674,Mahnomen
38021,2675,Dickey
38017,2676,Cass
35029,2677,Luna
08031,2678,Denver
46089,2679,McPherson
46102,2680,Oglala Lakota
08093,2681,Park
46055,2682,Haakon
31157,2683,Scotts Bluff
08105,2684,Rio Grande
31045,2685,Dawes
27107,2686,Norman
56021,2687,Laramie
08059,2688,Jefferson
27119,2689,Polk
38045,2690,LaMoure
46129,2691,Walworth
35006,2692,Cibola
31165,2693,Sioux
46041,2694,Dewey
08007,2695,Archuleta
08014,2696,Broomfield
38003,2697,Barnes
35017,2698,Grant
08013,2699,Boulder
08015,2700,Chaffee
38051,2701,McIntosh
46103,2702,Pennington
08019,2703,Clear Creek
56015,2704,Goshen
08069,2705,Larimer
38097,2706,Traill
46021,2707,Campbell
08047,2708,Gilpin
27125,2709,Red Lake
35031,2710,McKinley
35003,2711,Catron
27077,2712,Lake of the Woods
46047,2713,Fall River
27113,2714,Pennington
46137,2715,Ziebach
08051,2716,Gunnison
08079,2717,Mineral
38093,2718,Stutsman
38047,2719,Logan
46031,2720,Corson
38091,2721,Steele
08117,2722,Summit
08049,2723,Grand
35023,2724,Hidalgo
27089,2725,Marshall
08065,2726,Lake
38029,2727,Emmons
38035,2728,Grand Forks
46033,2729,Custer
56031,2730,Platte
46093,2731,Meade
38039,2732,Griggs
08037,2733,Eagle
08053,2734,Hinsdale
35045,2735,San Juan
56001,2736,Albany
56027,2737,Niobrara
27135,2738,Roseau
08097,2739,Pitkin
08067,2740,La Plata
38043,2741,Kidder
38085,2742,Sioux
08057,2743,Jackson
38031,2744,Foster
38063,2745,Nelson
46105,2746,Perkins
08111,2747,San Juan
38099,2748,Walsh
27069,2749,Kittson
38015,2750,Burleigh
38027,2751,Eddy
08091,2752,Ouray
08107,2753,Routt
38059,2754,Morton
56045,2755,Weston
46081,2756,Lawrence
46019,2757,Butte
08085,2758,Montrose
04003,2759,Cochise
56009,2760,Converse
38103,2761,Wells
08113,2762,San Miguel
38037,2763,Grant
04011,2764,Greenlee
08045,2765,Garfield
08033,2766,Dolores
38005,2767,Benson
08029,2768,Delta
38067,2769,Pembina
04009,2770,Graham
08083,2771,Montezuma
38071,2772,Ramsey
56007,2773,Carbon
04001,2774,Apache
08077,2775,Mesa
08103,2776,Rio Blanco
38001,2777,Adams
38083,2778,Sheridan
56011,2779,Crook
46063,2780,Harding
38019,2781,Cavalier
38041,2782,Hettinger
38065,2783,Oliver
38055,2784,McLean
56005,2785,Campbell
08081,2786,Moffat
38069,2787,Pierce
56025,2788,Natrona
38095,2789,Towner
38049,2790,McHenry
49037,2791,San Juan
30011,2792,Carter
38089,2793,Stark
38011,2794,Bowman
38057,2795,Mercer
04017,2796,Navajo
04007,2797,Gila
38087,2798,Slope
38079,2799,Rolette
38025,2800,Dunn
38101,2801,Ward
56019,2802,Johnson
49019,2803,Grand
04023,2804,Santa Cruz
04019,2805,Pima
56037,2806,Sweetwater
38009,2807,Bottineau
04021,2808,Pinal
30025,2809,Fallon
30075,2810,Powder River
38007,2811,Billings
56013,2812,Fremont
49047,2813,Uintah
38061,2814,Mountrail
38033,2815,Golden Valley
38075,2816,Renville
56033,2817,Sheridan
04005,2818,Coconino
38053,2819,McKenzie
49055,2820,Wayne
30017,2821,Custer
49017,2822,Garfield
30109,2823,Wibaux
56043,2824,Washakie
04013,2825,Maricopa
49009,2826,Daggett
49015,2827,Emery
30003,2828,Big Horn
30079,2829,Prairie
56017,2830,Hot Springs
30021,2831,Dawson
38105,2832,Williams
56003,2833,Big Horn
38013,2834,Burke
49025,2835,Kane
30087,2836,Rosebud
49007,2837,Carbon
30083,2838,Richland
04025,2839,Yavapai
49013,2840,Duchesne
38023,2841,Divide
56035,2842,Sublette
30085,2843,Roosevelt
49043,2844,Summit
56041,2845,Uinta
30055,2846,McCone
30091,2847,Sheridan
30103,2848,Treasure
49041,2849,Sevier
49049,2850,Utah
56023,2851,Lincoln
30033,2852,Garfield
56029,2853,Park
49051,2854,Wasatch
49039,2855,Sanpete
30009,2856,Carbon
49031,2857,Piute
30111,2858,Yellowstone
30019,2859,Daniels
49023,2860,Juab
49033,2861,Rich
04015,2862,Mohave
30105,2863,Valley
49027,2864,Millard
49029,2865,Morgan
56039,2866,Teton
49001,2867,Beaver
30065,2868,Musselshell
49021,2869,Iron
49035,2870,Salt Lake
04027,2871,Yuma
16007,2872,Bear Lake
04012,2873,La Paz
49057,2874,Weber
49053,2875,Washington
30069,2876,Petroleum
30095,2877,Stillwater
49011,2878,Davis
49005,2879,Cache
16029,2880,Caribou
49045,2881,Tooele
30037,2882,Golden Valley
16041,2883,Franklin
30071,2884,Phillips
16019,2885,Bonneville
30067,2886,Park
49003,2887,Box Elder
30097,2888,Sweet Grass
30027,2889,Fergus
16081,2890,Teton
16005,2891,Bannock
30107,2892,Wheatland
16011,2893,Bingham
16071,2894,Oneida
16043,2895,Fremont
06071,2896,San Bernardino
16065,2897,Madison
32003,2898,Clark
30031,2899,Gallatin
32017,2900,Lincoln
06025,2901,Imperial
16051,2902,Jefferson
06065,2903,Riverside
30005,2904,Blaine
16077,2905,Power
30045,2906,Judith Basin
30059,2907,Meagher
30001,2908,Beaverhead
30057,2909,Madison
16033,2910,Clark
32033,2911,White Pine
16031,2912,Cassia
30015,2913,Chouteau
32007,2914,Elko
16023,2915,Butte
30007,2916,Broadwater
16013,2917,Blaine
30013,2918,Cascade
30041,2919,Hill
30043,2920,Jefferson
16067,2921,Minidoka
32023,2922,Nye
16059,2923,Lemhi
16063,2924,Lincoln
06027,2925,Inyo
16053,2926,Jerome
30093,2927,Silver Bow
16037,2928,Custer
30049,2929,Lewis and Clark
16083,2930,Twin Falls
06073,2931,San Diego
30051,2932,Liberty
30077,2933,Powell
30099,2934,Teton
30023,2935,Deer Lodge
16025,2936,Camas
16047,2937,Gooding
30073,2938,Pondera
30101,2939,Toole
16073,2940,Owyhee
32011,2941,Eureka
30039,2942,Granite
16039,2943,Elmore
30081,2944,Ravalli
30063,2945,Missoula
16015,2946,Boise
32015,2947,Lander
30035,2948,Glacier
16085,2949,Valley
32009,2950,Esmeralda
16049,2951,Idaho
30029,2952,Flathead
06059,2953,Orange
06037,2954,Los Angeles
06029,2955,Kern
30047,2956,Lake
16001,2957,Ada
32013,2958,Humboldt
30089,2959,Sanders
16035,2960,Clearwater
30061,2961,Mineral
32001,2962,Churchill
06107,2963,Tulare
06051,2964,Mono
32021,2965,Mineral
32027,2966,Pershing
16045,2967,Gem
16027,2968,Canyon
41045,2969,Malheur
16003,2970,Adams
16087,2971,Washington
16079,2972,Shoshone
16075,2973,Payette
06019,2974,Fresno
06111,2975,Ventura
16061,2976,Lewis
30053,2977,Lincoln
41063,2978,Wallowa
41001,2979,Baker
06083,2980,Santa Barbara
32019,2981,Lyon
16069,2982,Nez Perce
06039,2983,Madera
41025,2984,Harney
16057,2985,Latah
41061,2986,Union
16009,2987,Benewah
06109,2988,Tuolumne
53003,2989,Asotin
06043,2990,Mariposa
06079,2991,San Luis Obispo
06031,2992,Kings
16055,2993,Kootenai
16017,2994,Bonner
32005,2995,Douglas
32031,2996,Washoe
53075,2997,Whitman
32029,2998,Storey
41023,2999,Grant
06003,3000,Alpine
53023,3001,Garfield
16021,3002,Boundary
32510,3003,Carson City
53013,3004,Columbia
53063,3005,Spokane
06017,3006,El Dorado
41059,3007,Umatilla
06047,3008,Merced
41037,3009,Lake
06009,3010,Calaveras
53071,3011,Walla Walla
06053,3012,Monterey
06061,3013,Placer
06005,3014,Amador
53051,3015,Pend Oreille
06057,3016,Nevada
06091,3017,Sierra
06035,3018,Lassen
06063,3019,Plumas
06099,3020,Stanislaus
53001,3021,Adams
53065,3022,Stevens
53043,3023,Lincoln
53021,3024,Franklin
06049,3025,Modoc
06069,3026,San Benito
41049,3027,Morrow
41013,3028,Crook
53005,3029,Benton
41069,3030,Wheeler
06077,3031,San Joaquin
41017,3032,Deschutes
06067,3033,Sacramento
53019,3034,Ferry
06085,3035,Santa Clara
06115,3036,Yuba
53025,3037,Grant
41021,3038,Gilliam
06007,3039,Butte
41035,3040,Klamath
06001,3041,Alameda
53047,3042,Okanogan
06101,3043,Sutter
06013,3044,Contra Costa
06087,3045,Santa Cruz
53039,3046,Klickitat
06113,3047,Yolo
06103,3048,Tehama
53017,3049,Douglas
06089,3050,Shasta
41031,3051,Jefferson
53077,3052,Yakima
06095,3053,Solano
41065,3054,Wasco
41055,3055,Sherman
06093,3056,Siskiyou
06011,3057,Colusa
53037,3058,Kittitas
06021,3059,Glenn
06081,3060,San Mateo
06055,3061,Napa
53007,3062,Chelan
06075,3063,San Francisco
06097,3064,Sonoma
06041,3065,Marin
06033,3066,Lake
41019,3067,Douglas
41039,3068,Lane
41027,3069,Hood River
41029,3070,Jackson
41043,3071,Linn
06105,3072,Trinity
41005,3073,Clackamas
41047,3074,Marion
53059,3075,Skamania
06045,3076,Mendocino
53041,3077,Lewis
41051,3078,Multnomah
53033,3079,King
53057,3080,Skagit
53053,3081,Pierce
53061,3082,Snohomish
53073,3083,Whatcom
53011,3084,Clark
53015,3085,Cowlitz
41033,3086,Josephine
06023,3087,Humboldt
53067,3088,Thurston
41067,3089,Washington
06015,3090,Del Norte
41071,3091,Yamhill
41009,3092,Columbia
41003,3093,Benton
41053,3094,Polk
53035,3095,Kitsap
41015,3096,Curry
53029,3097,Island
41011,3098,Coos
41057,3099,Tillamook
41041,3100,Lincoln
53045,3101,Mason
53031,3102,Jefferson
53069,3103,Wahkiakum
41007,3104,Clatsop
53027,3105,Grays Harbor
53049,3106,Pacific
53055,3107,San Juan
53009,3108,Clallam
02130,3109,Ketchikan Gateway
02198,3110,Prince of Wales-Hyder
02275,3111,Wrangell
02195,3112,Petersburg
02105,3113,Hoonah-Angoon
02110,3114,Juneau
02220,3115,Sitka
02100,3116,Haines
02230,3117,Skagway
02282,3118,Yakutat
02066,3119,Copper River
02240,3120,Southeast Fairbanks
02063,3121,Chugach
02290,3122,Yukon-Koyukuk
02185,3123,North Slope
02090,3124,Fairbanks North Star
02170,3125,Matanuska-Susitna
02068,3126,Denali
02020,3127,Anchorage
02122,3128,Kenai Peninsula
02150,3129,Kodiak Island
02050,3130,Bethel
02188,3131,Northwest Arctic
02164,3132,Lake and Peninsula
02070,3133,Dillingham
02060,3134,Bristol Bay
02180,3135,Nome
02158,3136,Kusilvak
02013,3137,Aleutians East
02016,3138,Aleutians West
15001,3139,Hawaii
15009,3140,Maui
15005,3141,Kalawao
15003,3142,Honolulu
15007,3143,Kauai
